Feature,Importance
Present_Price,0.8872792719941508
Car_Age,0.058954539825395974
Driven_kms,0.0353809219933648
Transmission,0.00907503070539892
Fuel_Type,0.0062242186282856415
Selling_type,0.002812641682277627
Owner,0.0002733751711263051
